time,action,migration_cost,latency,throughput,cpu_variance,mig_attempts,mig_successes,reward
4.85,0,482973,3.574,0.279798,0.42,1821941530807317,30175983486270,2.8103
8.18,0,465946,2.01,0.497512,0.07,965973935731,14598493922,4.9895
11.02,0,448919,1.527,0.654878,0.17,491604046558,8350221838,6.564
13.73,0,431892,1.385,0.722021,0.97,376173051648,6419007930,7.2276
17.12,0,414865,2.046,0.488758,0.04,318909414330,5861679271,4.9055
19.81,0,397838,1.371,0.729394,0.5,516855153367,8530990230,7.3054
23.56,0,380811,2.45,0.408163,0.95,338905143067,5803508254,4.0893
26.18,0,363784,1.306,0.765696,0.13,610421494755,10051211752,7.6721
29.97,0,346757,2.474,0.404204,0.61,324599250479,5517363821,4.0529
33.44,0,329730,2.149,0.465332,0.31,623065392936,10181334393,4.6665
36.67,0,312703,1.927,0.518941,0.46,536666367649,8875619726,5.2014
40.01,0,295676,2.027,0.49334,0.1,462934255315,7997766084,4.9496
42.85,0,278649,1.536,0.651041,0.21,528139338059,8393962404,6.5242
45.65,0,261622,1.476,0.677506,0.37,366184549355,6406405360,6.7888
49.22,0,244595,2.252,0.44405,0.41,367666663865,6213166938,4.4532
52.7,0,227568,2.16,0.462963,0.26,575320734665,9305349483,4.6432
55.52,0,210541,1.553,0.643915,0.65,543990898777,8959224585,6.4491
58.12,0,193514,1.276,0.783698,0.11,364877327225,6452647355,7.8536
61.44,0,176487,2.006,0.498504,1.74,302029474763,5420517206,4.9856
64.9,0,159460,2.172,0.460405,0.35,471172361711,8305184336,4.6182
68.43,0,142433,2.211,0.452284,0.57,537895350556,8944586408,4.5338
71.85,0,125406,2.094,0.477555,0.27,522388476021,9217134755,4.7905
75.19,0,108379,2.012,0.497018,0.35,533352804440,8693908910,4.983
77.91,0,91352,1.39,0.719424,0.91,456458008549,8393791802,7.2035
81.61,0,74325,2.381,0.419991,1.29,326425857212,5923197834,4.2052
85.15,0,57298,2.216,0.451263,0.37,614734936181,9815243460,4.5249
88.86,0,40271,2.401,0.416493,0.35,524670819834,9212987932,4.179
92.03,0,23244,1.858,0.538213,1.38,619120207678,9901368768,5.3844
95.32,0,6217,1.967,0.508388,0.23,450362864004,7747137260,5.0988
98.2,0,0,1.543,0.648088,0.41,487669203674,8175425686,6.4936
101.6,0,0,2.097,0.476871,0.77,365970953399,6527825920,4.7788
105.03,0,0,2.111,0.473709,0.45,528959064391,8707000543,4.749
108.57,0,0,2.244,0.445633,0.2,546456253876,8819375464,4.4704
111.15,0,0,1.253,0.798084,1.06,528662973694,9275586004,7.9877
113.73,0,0,1.267,0.789265,1.45,289335350198,5356566509,7.8967
116.73,0,0,1.687,0.592768,2.07,283177302787,5380454219,5.926
120.21,0,0,2.159,0.463177,0.56,433926301828,7083302079,4.6425
123.41,0,0,1.87,0.534759,0.46,488227714329,8988912091,5.3614
126.61,0,0,1.863,0.536768,0.72,469784460462,7821703401,5.3771
129.22,0,0,1.283,0.779423,2.04,478204468237,7850130331,7.7902
132.29,0,0,1.737,0.575705,0.68,291799555461,5465715587,5.769
135.68,0,0,2.06,0.485437,0.35,416183055987,7324166224,4.8685
138.64,0,0,1.647,0.607164,1.4,492653314226,8589690743,6.075
142.01,0,0,2.016,0.496031,1.37,388275481698,6903309165,4.9644
145.05,0,0,1.704,0.586854,1.22,468566342356,8489837318,5.8745
148.52,0,0,2.161,0.462749,1.17,424611149360,7148489395,4.6326
152.13,0,0,2.285,0.437637,0.27,502997712902,8973795825,4.3915
154.83,0,0,1.373,0.728332,0.78,577709582606,9459479331,7.2919
157.76,0,0,1.617,0.618429,2.37,333976619023,5842052398,6.178
160.5,0,0,1.414,0.707213,0.73,376399630151,6748856679,7.0827
164.21,0,0,2.373,0.421407,1.86,323432817329,5978834251,4.2139
167.8,0,0,2.299,0.434972,1.26,588070936812,9831994587,4.3539
171.2,0,0,2.081,0.480538,0.34,597341714721,9511595706,4.8179
174.12,0,0,1.603,0.62383,0.35,509937974791,8653587230,6.2518
177.27,0,0,1.805,0.554016,1.4,381535085220,6737389929,5.5438
180.15,0,0,1.549,0.645577,1.62,447299887240,7599833537,6.4566
183.07,0,0,1.596,0.626566,0.97,388865742572,6532393224,6.2727
186.61,0,0,2.224,0.44964,0.18,395393784850,6731066621,4.5116
189.22,0,0,1.298,0.770415,0.81,548921346952,9214100261,7.7129
192.7,0,0,2.161,0.462749,1.01,306808952856,5499945083,4.6353
196.27,0,0,2.256,0.443262,0.39,538089164245,8958110796,4.4454
199.29,0,0,1.721,0.581057,0.26,579767670720,9340757136,5.8241
202.98,0,0,2.342,0.426985,1.01,449878514894,7137219826,4.2756
205.91,0,0,1.62,0.617284,0.42,594038509480,9744210648,6.185
209.12,0,0,1.893,0.528262,1.22,389845292499,6763104181,5.2878
211.83,0,0,1.402,0.713266,0.76,440667121987,7888740548,7.143
215.54,0,0,2.4,0.416666,1.24,344752030795,5931816762,4.1715
219.09,0,0,2.236,0.447227,0.21,603768498058,9916281105,4.4865
222.41,0,0,1.99,0.502512,1.82,599475547808,9286067325,5.0225
225.17,0,0,1.444,0.69252,1.3,489929500317,8276759898,6.9291
228.45,0,0,1.967,0.508388,0.59,328709161686,6096805005,5.0965
231.72,0,0,1.94,0.515464,0.18,457947136609,8189081522,5.1707
234.87,0,0,1.843,0.542593,0.95,482153447470,8090661584,5.4332
237.96,0,0,1.762,0.567537,0.66,469269755754,7682737471,5.6852
241.49,0,0,2.208,0.452898,0.54,430240069434,7378025511,4.5408
244.5,0,0,1.678,0.595947,0.92,535843981567,9159793691,5.9673
248.08,0,0,2.265,0.441501,1.21,437604909700,7056020843,4.4191
251.16,0,0,1.762,0.567537,0.87,590219858707,9362854809,5.6825
253.89,0,0,1.433,0.697836,0.67,429930242880,7365676021,6.9888
257.43,0,0,2.19,0.456621,0.96,348071211081,6046561443,4.574
260.35,0,0,1.585,0.630914,0.41,528088258713,9155844520,6.3224
262.92,0,0,1.241,0.805801,1.96,378736165280,6673314210,8.056
266.47,0,0,2.239,0.446628,1.52,284998574443,5308007315,4.4698
270.16,0,0,2.363,0.423191,0.36,560679163394,9261829297,4.2449
273.75,0,0,2.265,0.441501,0.48,590446089735,9778877858,4.4268
276.4,0,0,1.337,0.747943,1.41,570560583519,9370386339,7.4817
279.6,0,0,1.859,0.537923,2.29,342154841739,5672577679,5.3729
282.88,0,0,1.966,0.508647,0.47,451774522528,7808029297,5.099
285.62,0,0,1.412,0.708215,1.37,498829244369,8140125469,7.0848
289.29,0,0,2.352,0.42517,0.52,352550154179,5993957355,4.2635
292.74,0,0,2.133,0.468823,0.14,591241261317,9722914740,4.7033
295.67,0,0,1.587,0.630119,0.42,511493931919,8877207302,6.3143
298.82,0,0,1.844,0.542299,0.04,396084894791,6695364012,5.4395
301.97,0,0,1.774,0.563698,1.02,447202265209,7698393953,5.644
